Dataset,Launch id,F1 metric test score,Fit minutes,Model name
Amazon_employee_access,0,0.9313863108604922,0.06544509166666666,rf
Amazon_employee_access,0,0.9155294848806927,0.05685356666666667,lgbm
cnae-9,0,0.8102673329122443,0.1555710375,rf
cnae-9,0,0.8072799063528215,0.16382727916666667,lgbm
vehicle,0,0.7186339284612244,0.014174808333333334,rf
vehicle,0,0.6971379013941688,0.014973975,lgbm
volkert,0,0.641255931135999,2.467389304166667,rf
volkert,0,0.6524748179437351,1.9284639875000003,lgbm
